<?xml version="1.0" encoding="UTF-8"?>
<project-private xmlns="http://www.netbeans.org/ns/project-private/1">
    <editor-bookmarks xmlns="http://www.netbeans.org/ns/editor-bookmarks/2" lastBookmarkId="0"/>
    <open-files xmlns="http://www.netbeans.org/ns/projectui-open-files/1">
        <file>file:/E:/wamp/www/tuts/ci_CURD/application/models/home_model.php</file>
        <file>file:/E:/wamp/www/tuts/ci_CURD/application/views/home.php</file>
        <file>file:/E:/wamp/www/tuts/ci_CURD/application/controllers/home.php</file>
        <file>file:/E:/wamp/www/tuts/ci_CURD/application/views/edit.php</file>
        <file>file:/E:/wamp/www/tuts/ci_CURD/application/views/header.php</file>
    </open-files>
</project-private>
